Chromosome	Start_Position	End_Position	nMuts	Avg_intermutation_dist	Size	Tumor_Sample_Barcode	C>T	T>C	C>G	T>A	T>G	C>A
1	11775499	11779941	7	740.333333333333	4442	SAMN20792851_SRX11758698	4	3	NA	NA	NA	NA
1	13223363	13225359	8	285.142857142857	1996	SAMN20792851_SRX11758698	2	2	2	1	1	NA
1	152215086	152220502	8	773.714285714286	5416	SAMN20792851_SRX11758698	2	2	2	1	1	NA
1	152303083	152313912	17	676.8125	10829	SAMN20792851_SRX11758698	7	4	3	NA	1	2
1	201206099	201212095	11	599.6	5996	SAMN20792851_SRX11758698	2	5	1	NA	NA	3
1	248559157	248559476	9	39.875	319	SAMN20792851_SRX11758698	5	1	1	2	NA	NA
2	73448542	73453381	6	967.8	4839	SAMN20792851_SRX11758698	NA	2	2	1	1	NA
2	167246794	167250981	8	598.142857142857	4187	SAMN20792851_SRX11758698	5	2	NA	NA	NA	1
2	185800236	185807185	11	694.9	6949	SAMN20792851_SRX11758698	3	3	NA	2	2	1
3	12815212	12820101	9	611.125	4889	SAMN20792851_SRX11758698	3	4	NA	1	1	NA
3	195774278	195791459	54	324.169811320755	17181	SAMN20792851_SRX11758698	13	18	12	4	3	4
4	9211747	9216694	6	989.4	4947	SAMN20792851_SRX11758698	NA	1	4	NA	NA	1
5	135446706	135449773	6	613.4	3067	SAMN20792851_SRX11758698	1	2	NA	2	1	NA
5	140802149	140807737	7	931.333333333333	5588	SAMN20792851_SRX11758698	4	1	1	NA	NA	1
6	29942781	29943479	12	63.4545454545455	698	SAMN20792851_SRX11758698	4	1	2	2	2	1
6	30704182	30707828	7	607.666666666667	3646	SAMN20792851_SRX11758698	NA	3	1	NA	1	2
6	31025600	31032220	9	827.5	6620	SAMN20792851_SRX11758698	NA	4	2	2	NA	1
6	31269347	31272050	32	87.1935483870968	2703	SAMN20792851_SRX11758698	10	4	5	NA	6	7
6	31354526	31356759	19	124.055555555556	2233	SAMN20792851_SRX11758698	5	2	6	2	2	2
6	64590250	64593207	8	422.428571428571	2957	SAMN20792851_SRX11758698	1	5	1	NA	NA	1
6	159229946	159234351	8	629.285714285714	4405	SAMN20792851_SRX11758698	2	3	3	NA	NA	NA
7	45082725	45084866	8	305.857142857143	2141	SAMN20792851_SRX11758698	3	2	NA	1	1	1
7	100952327	100964820	23	567.863636363636	12493	SAMN20792851_SRX11758698	3	10	2	3	4	1
7	100991195	101004836	28	505.222222222222	13641	SAMN20792851_SRX11758698	5	9	7	1	5	1
7	101032095	101038078	8	854.714285714286	5983	SAMN20792851_SRX11758698	2	2	1	1	1	1
8	12133598	12138565	6	993.4	4967	SAMN20792851_SRX11758698	2	2	NA	NA	1	1
9	76703761	76706360	6	519.8	2599	SAMN20792851_SRX11758698	2	3	NA	NA	1	NA
10	46549400	46550618	7	203	1218	SAMN20792851_SRX11758698	4	3	NA	NA	NA	NA
10	128101314	128109280	16	531.066666666667	7966	SAMN20792851_SRX11758698	6	4	5	NA	1	NA
11	5422637	5423123	6	97.2	486	SAMN20792851_SRX11758698	4	2	NA	NA	NA	NA
11	5841212	5841783	8	81.5714285714286	571	SAMN20792851_SRX11758698	NA	4	1	NA	2	1
11	56700544	56701223	7	113.166666666667	679	SAMN20792851_SRX11758698	3	1	NA	2	NA	1
11	123906705	123907324	7	103.166666666667	619	SAMN20792851_SRX11758698	4	2	NA	NA	NA	1
13	102731067	102748379	20	911.157894736842	17312	SAMN20792851_SRX11758698	6	6	3	1	2	2
14	20224029	20224599	6	114	570	SAMN20792851_SRX11758698	1	3	1	NA	NA	1
14	104938256	104952054	27	530.692307692308	13798	SAMN20792851_SRX11758698	9	7	4	1	4	2
14	106639254	106639372	7	19.6666666666667	118	SAMN20792851_SRX11758698	1	2	2	1	1	NA
15	23440132	23445363	10	581.222222222222	5231	SAMN20792851_SRX11758698	1	4	3	1	1	NA
16	88428539	88433940	7	900.166666666667	5401	SAMN20792851_SRX11758698	3	2	1	NA	1	NA
17	744946	746695	6	349.8	1749	SAMN20792851_SRX11758698	3	NA	2	1	NA	NA
17	40978832	40984165	7	888.833333333333	5333	SAMN20792851_SRX11758698	3	3	1	NA	NA	NA
17	45845576	45846834	8	179.714285714286	1258	SAMN20792851_SRX11758698	3	3	2	NA	NA	NA
18	58535842	58538030	8	312.571428571429	2188	SAMN20792851_SRX11758698	3	NA	1	1	3	NA
19	4510548	4513547	10	333.222222222222	2999	SAMN20792851_SRX11758698	5	5	NA	NA	NA	NA
19	8946313	8966905	23	936	20592	SAMN20792851_SRX11758698	10	5	2	1	3	2
19	8971838	8978096	10	695.333333333333	6258	SAMN20792851_SRX11758698	4	3	NA	1	1	1
19	16744454	16749874	7	903.333333333333	5420	SAMN20792851_SRX11758698	5	1	NA	1	NA	NA
19	18265036	18267409	9	296.625	2373	SAMN20792851_SRX11758698	2	3	2	1	1	NA
19	22663821	22665226	11	140.5	1405	SAMN20792851_SRX11758698	3	2	4	NA	NA	2
19	36996730	36997444	8	102	714	SAMN20792851_SRX11758698	5	1	NA	1	NA	1
19	37885845	37889962	7	686.166666666667	4117	SAMN20792851_SRX11758698	4	1	1	1	NA	NA
19	39902287	39914032	27	451.730769230769	11745	SAMN20792851_SRX11758698	6	10	6	2	1	2
19	48873325	48875737	8	344.571428571429	2412	SAMN20792851_SRX11758698	2	3	2	NA	NA	1
21	44539312	44540035	7	120.5	723	SAMN20792851_SRX11758698	4	NA	NA	1	1	1
22	22514169	22515418	8	178.428571428571	1249	SAMN20792851_SRX11758698	3	NA	2	NA	2	1
23	8170039	8170243	6	40.8	204	SAMN20792851_SRX11758698	NA	2	4	NA	NA	NA
